episode,risk_threshold
50,0.05
100,0.045000000000000005
150,0.04
200,0.035
250,0.030000000000000002
300,0.03
350,0.03
400,0.03
450,0.03
500,0.03
